0,uk7.internet-radio.com:8226/live,UK Dance radio
0,uk7.internet-radio.com:8000/stream,Beat House
0,91.121.155.204:8097/radio.mp3,Best Love
0,199.233.234.34:25373/stream,GOLD INSTRUMENTAL
1009,,Radio Georgia
1047,,Radio Beaumond
1043,,Positive
985,,Radio Space
1034,,Fortuna Plus
1069,,Fortuna
0,utulsa.streamguys1.com:80/KWTUHD1-MP3,KWTU Classical
0,5.196.98.236:80/stream1,Bru Zane Classical Radio
0,us5.internet-radio.com:8121/stream,The Seagull
0,us5.internet-radio.com:8139/stream,Y Country Christmas
0,uk7.internet-radio.com:8040/stream,Merge 104.8
0,us5.internet-radio.com:8205/stream,Outadebox Radio
